NCBI.ID,arsB,acr3,arsC_glut,arsC_thio,arsM,aioA,arxA,arrA
NC_000913,1,-1,1,-1,-1,-1,-1,-1
NC_000963,-1,-1,-1,-1,-1,-1,-1,-1
NC_000964,1,1,1,1,-1,-1,-1,-1
NC_001263,-1,-1,-1,1,-1,-1,-1,-1
NC_002488,-1,-1,-1,-1,-1,-1,-1,-1
NC_002516,1,-1,1,-1,-1,-1,-1,-1
NC_002570,1,-1,1,1,-1,-1,-1,-1
NC_002678,1,-1,1,-1,-1,-1,-1,-1
NC_002927,1,-1,1,-1,-1,-1,-1,-1
NC_002936,1,-1,-1,1,1,-1,-1,-1
NC_002937,-1,-1,-1,1,-1,-1,-1,-1
NC_002939,-1,1,-1,1,-1,-1,-1,-1
NC_002944,1,-1,1,-1,-1,1,-1,-1
NC_002971,-1,-1,-1,-1,-1,-1,-1,-1
NC_002973,1,-1,1,1,-1,-1,-1,-1
NC_003030,-1,-1,-1,-1,-1,-1,-1,-1
NC_003062,1,1,1,-1,-1,1,-1,-1
NC_003155,1,-1,1,1,-1,1,-1,-1
NC_003197,-1,-1,1,-1,-1,-1,-1,-1
NC_003212,1,-1,1,1,-1,-1,-1,-1
NC_003272,1,1,1,1,-1,-1,-1,-1
NC_003295,-1,-1,1,-1,-1,-1,-1,-1
NC_003361,-1,-1,-1,-1,-1,-1,-1,-1
NC_003366,-1,-1,1,1,-1,-1,-1,-1
NC_003902,-1,-1,1,-1,-1,-1,-1,-1
NC_003909,1,1,1,1,-1,-1,-1,-1
NC_003997,1,1,1,1,-1,-1,-1,-1
NC_004129,1,-1,1,1,-1,-1,-1,-1
NC_004193,1,-1,1,1,-1,-1,-1,-1
NC_004342,-1,-1,1,-1,-1,-1,-1,-1
NC_004347,-1,1,1,-1,-1,-1,-1,-1
NC_004369,-1,1,1,1,-1,-1,-1,-1
NC_004463,1,1,1,1,-1,1,-1,-1
NC_004547,1,-1,1,-1,-1,-1,-1,-1
NC_004551,-1,-1,-1,-1,-1,-1,-1,-1
NC_004556,-1,-1,-1,-1,-1,-1,-1,-1
NC_004557,-1,-1,1,-1,-1,-1,-1,-1
NC_004572,-1,-1,-1,-1,-1,-1,-1,-1
NC_004631,-1,-1,1,-1,-1,-1,-1,-1
NC_004663,-1,1,1,1,-1,-1,-1,-1
NC_004722,1,1,1,1,-1,-1,-1,-1
NC_004757,-1,-1,1,-1,-1,-1,-1,-1
NC_005085,-1,1,1,1,-1,-1,-1,-1
NC_005125,-1,-1,-1,1,-1,-1,-1,-1
NC_005296,1,1,1,1,1,-1,-1,-1
NC_005363,-1,-1,1,-1,-1,-1,-1,-1
NC_005773,1,-1,1,-1,-1,-1,-1,-1
NC_005823,-1,-1,1,-1,-1,-1,-1,-1
NC_005861,-1,-1,-1,-1,-1,-1,-1,-1
NC_005945,1,1,1,1,-1,-1,-1,-1
NC_005966,-1,-1,1,1,-1,1,-1,-1
NC_006155,1,-1,1,-1,-1,-1,-1,-1
NC_006177,1,-1,1,-1,1,-1,-1,-1
NC_006274,1,1,1,1,-1,-1,-1,-1
NC_006322,1,-1,1,1,-1,1,-1,-1
NC_006350,-1,1,1,1,-1,-1,-1,-1
NC_006361,1,1,1,1,-1,-1,-1,-1
NC_006368,-1,-1,1,-1,-1,-1,-1,-1
NC_006369,-1,-1,1,-1,-1,-1,-1,-1
NC_006511,-1,-1,1,-1,-1,-1,-1,-1
NC_006513,-1,1,-1,1,-1,-1,-1,-1
NC_006582,1,1,1,1,-1,-1,-1,-1
NC_006831,-1,-1,-1,-1,-1,-1,-1,-1
NC_006834,-1,-1,1,-1,-1,-1,-1,-1
NC_006905,-1,-1,1,-1,-1,-1,-1,-1
NC_006932,-1,-1,1,-1,-1,-1,-1,-1
NC_006958,-1,1,1,1,-1,-1,-1,-1
NC_007086,-1,-1,1,-1,-1,-1,-1,-1
NC_007164,-1,1,-1,1,-1,-1,-1,-1
NC_007168,1,-1,1,1,-1,-1,-1,-1
NC_007204,1,-1,1,1,-1,-1,-1,-1
NC_007298,-1,1,1,1,-1,1,-1,-1
NC_007333,-1,1,1,1,-1,-1,-1,-1
NC_007356,1,1,-1,1,1,-1,-1,-1
NC_007404,-1,1,1,1,1,-1,-1,-1
NC_007406,-1,1,1,1,-1,-1,-1,-1
NC_007434,-1,1,1,1,-1,-1,-1,-1
NC_007492,1,-1,1,1,-1,-1,-1,-1
NC_007493,-1,1,1,-1,-1,-1,-1,-1
NC_007498,-1,1,-1,1,1,-1,-1,-1
NC_007508,-1,-1,1,-1,-1,-1,-1,-1
NC_007510,-1,1,1,1,-1,1,-1,-1
NC_007512,-1,1,-1,1,-1,-1,-1,-1
NC_007514,-1,1,-1,1,-1,-1,-1,-1
NC_007517,-1,1,-1,1,1,-1,-1,-1
NC_007519,-1,1,-1,1,-1,-1,-1,-1
NC_007530,1,1,1,1,-1,-1,-1,-1
NC_007613,1,-1,1,-1,-1,-1,-1,-1
NC_007614,-1,-1,1,-1,-1,-1,-1,-1
NC_007618,-1,-1,1,-1,-1,-1,-1,-1
NC_007644,-1,1,-1,-1,-1,-1,-1,-1
NC_007651,-1,1,1,1,-1,-1,-1,-1
NC_007760,1,1,1,1,-1,-1,-1,-1
NC_007761,1,-1,1,-1,-1,1,-1,-1
NC_007775,-1,1,-1,-1,-1,-1,-1,-1
NC_007777,-1,-1,-1,1,-1,-1,-1,-1
NC_007778,-1,1,1,1,1,-1,-1,-1
NC_007794,-1,-1,1,-1,-1,-1,-1,-1
NC_007798,-1,-1,-1,-1,-1,-1,-1,-1
NC_007880,-1,-1,1,-1,-1,-1,-1,-1
NC_007907,-1,1,-1,1,1,1,-1,1
NC_007925,-1,1,1,1,-1,-1,-1,-1
NC_007947,1,-1,1,1,-1,-1,-1,-1
NC_007948,-1,-1,1,1,1,-1,-1,-1
NC_007958,-1,1,1,1,1,-1,-1,-1
NC_007963,1,-1,1,1,-1,-1,-1,-1
NC_007964,-1,-1,1,-1,-1,-1,-1,-1
NC_007969,1,-1,1,1,-1,-1,-1,-1
NC_007973,-1,1,1,1,-1,-1,-1,-1
NC_008009,-1,1,-1,1,1,-1,-1,-1
NC_008027,1,-1,1,-1,-1,-1,-1,-1
NC_008095,1,-1,1,1,-1,-1,-1,-1
NC_008146,1,1,1,1,-1,-1,-1,-1
NC_008148,1,-1,-1,1,1,-1,-1,-1
NC_008149,1,-1,1,-1,-1,-1,-1,-1
NC_008150,1,-1,1,-1,-1,-1,-1,-1
NC_008245,-1,-1,1,-1,-1,-1,-1,-1
NC_008254,-1,1,1,1,-1,-1,-1,-1
NC_008255,-1,1,1,-1,1,-1,-1,-1
NC_008261,-1,-1,1,1,-1,-1,-1,-1
NC_008268,1,1,1,1,-1,1,-1,-1
NC_008278,-1,-1,-1,1,-1,1,-1,-1
NC_008313,1,1,1,1,-1,-1,-1,-1
NC_008343,1,-1,1,-1,-1,-1,-1,-1
NC_008380,-1,-1,1,1,-1,1,-1,-1
NC_008390,-1,1,1,1,-1,-1,-1,-1
NC_008435,-1,1,1,1,-1,1,-1,-1
NC_008463,1,-1,1,-1,-1,-1,-1,-1
NC_008497,-1,-1,1,1,-1,-1,-1,-1
NC_008508,-1,-1,-1,-1,-1,-1,-1,-1
NC_008510,-1,-1,-1,-1,-1,-1,-1,-1
NC_008536,1,1,-1,1,1,-1,-1,-1
NC_008541,1,1,-1,1,-1,-1,-1,-1
NC_008542,1,1,1,1,-1,1,-1,-1
NC_008593,1,-1,-1,-1,-1,-1,-1,-1
NC_008595,1,1,1,1,-1,1,-1,-1
NC_008609,-1,1,-1,1,-1,-1,-1,-1
NC_008639,-1,1,-1,1,-1,-1,-1,-1
NC_008699,-1,1,1,1,1,-1,-1,-1
NC_008700,-1,1,1,-1,-1,-1,-1,-1
NC_008702,-1,1,1,1,-1,1,-1,-1
NC_008705,1,1,1,1,-1,-1,-1,-1
NC_008710,-1,-1,-1,-1,-1,-1,-1,-1
NC_008711,1,-1,-1,1,-1,-1,-1,-1
NC_008740,-1,1,1,-1,-1,-1,-1,-1
NC_008752,1,-1,1,-1,-1,1,-1,-1
NC_008781,-1,1,1,-1,-1,-1,-1,-1
NC_008782,-1,1,1,1,-1,1,-1,-1
NC_008786,-1,-1,1,-1,-1,-1,-1,-1
NC_008789,1,-1,-1,1,-1,-1,1,-1
NC_008825,-1,1,1,1,-1,-1,-1,-1
NC_009012,-1,1,-1,1,-1,-1,-1,-1
NC_009049,-1,1,1,-1,-1,-1,-1,-1
NC_009074,-1,1,1,1,-1,-1,-1,-1
NC_009076,-1,1,1,1,-1,-1,-1,-1
NC_009077,1,1,1,1,-1,-1,-1,-1
NC_009142,-1,1,1,1,-1,-1,-1,-1
NC_009256,1,1,1,1,-1,-1,-1,-1
NC_009328,1,1,1,1,-1,-1,-1,-1
NC_009338,1,1,1,1,-1,-1,-1,-1
NC_009342,-1,1,1,1,-1,-1,-1,-1
NC_009380,-1,-1,-1,1,-1,-1,-1,-1
NC_009428,-1,1,-1,1,-1,-1,-1,-1
NC_009434,-1,1,1,1,-1,-1,-1,-1
NC_009436,-1,-1,1,-1,-1,-1,-1,-1
NC_009438,1,-1,1,1,-1,-1,-1,1
NC_009439,-1,1,1,1,-1,-1,-1,-1
NC_009441,-1,1,1,-1,-1,1,-1,-1
NC_009445,1,-1,1,1,-1,-1,-1,-1
NC_009455,1,1,-1,1,1,-1,-1,-1
NC_009480,1,-1,-1,1,-1,-1,-1,-1
NC_009483,-1,1,-1,-1,1,-1,-1,1
NC_009484,1,-1,1,-1,-1,-1,-1,-1
NC_009494,-1,-1,1,-1,-1,-1,-1,-1
NC_009505,-1,-1,1,-1,-1,-1,-1,-1
NC_009511,-1,-1,1,-1,-1,-1,-1,-1
NC_009512,1,-1,1,1,-1,1,-1,-1
NC_009524,1,-1,1,1,-1,-1,-1,-1
NC_009565,1,1,-1,-1,-1,-1,-1,-1
NC_009617,-1,1,1,1,-1,-1,-1,-1
NC_009648,1,-1,1,-1,-1,-1,-1,-1
NC_009654,-1,-1,1,-1,-1,1,-1,-1
NC_009659,1,-1,1,-1,-1,1,-1,-1
NC_009664,1,1,-1,1,-1,-1,-1,-1
NC_009667,-1,1,1,1,-1,-1,-1,-1
NC_009674,1,1,1,1,-1,-1,-1,-1
NC_009675,1,1,1,1,-1,-1,-1,-1
NC_009698,1,1,-1,1,-1,-1,-1,-1
NC_009706,-1,1,-1,1,-1,-1,-1,-1
NC_009715,-1,-1,-1,-1,-1,-1,-1,-1
NC_009720,-1,1,1,1,-1,1,-1,-1
NC_009725,1,-1,1,-1,-1,-1,-1,-1
NC_009792,-1,-1,1,-1,-1,-1,-1,-1
NC_009802,-1,-1,-1,-1,-1,-1,-1,-1
NC_009832,1,-1,1,-1,-1,-1,-1,-1
NC_009848,1,-1,1,1,-1,-1,-1,-1
NC_009943,1,1,-1,1,1,-1,-1,-1
NC_009953,1,-1,-1,-1,-1,-1,-1,-1
NC_010001,-1,1,-1,1,-1,-1,-1,-1
NC_010002,1,1,1,1,-1,1,-1,-1
NC_010084,-1,1,1,1,-1,1,-1,-1
NC_010103,-1,-1,1,-1,-1,-1,-1,-1
NC_010162,-1,-1,1,-1,1,1,-1,-1
NC_010163,1,-1,1,1,-1,-1,-1,-1
NC_010168,1,-1,-1,-1,-1,-1,-1,-1
NC_010169,-1,-1,1,-1,-1,-1,-1,-1
NC_010170,1,1,1,1,-1,-1,-1,-1
NC_010172,1,1,1,1,-1,1,-1,-1
NC_010184,1,1,1,1,-1,-1,-1,-1
NC_010320,-1,-1,-1,1,-1,-1,-1,-1
NC_010321,-1,-1,-1,1,-1,-1,-1,-1
NC_010322,1,-1,1,1,-1,1,-1,-1
NC_010336,-1,1,1,-1,-1,-1,-1,-1
NC_010337,1,1,-1,-1,-1,-1,-1,-1
NC_010338,-1,1,1,1,-1,-1,-1,-1
NC_010424,-1,-1,-1,1,-1,-1,-1,-1
NC_010465,1,-1,1,-1,-1,-1,-1,-1
NC_010468,1,-1,1,-1,-1,-1,-1,1
NC_010473,1,-1,1,-1,-1,-1,-1,-1
NC_010501,1,1,1,1,-1,-1,-1,-1
NC_010505,1,-1,1,-1,1,1,-1,-1
NC_010508,1,1,1,1,-1,1,-1,-1
NC_010511,1,1,1,-1,-1,1,-1,-1
NC_010516,1,-1,-1,-1,-1,-1,-1,-1
NC_010520,1,-1,-1,-1,-1,-1,-1,-1
NC_010524,-1,1,1,-1,-1,-1,-1,-1
NC_010528,1,1,1,1,-1,-1,-1,-1
NC_010551,-1,1,1,1,-1,-1,-1,-1
NC_010554,1,-1,1,-1,-1,-1,-1,-1
NC_010556,1,-1,1,-1,-1,-1,-1,-1
NC_010571,1,1,1,1,1,-1,-1,-1
NC_010572,1,1,1,1,-1,-1,-1,-1
NC_010577,-1,-1,-1,-1,-1,-1,-1,-1
NC_010581,1,1,1,1,-1,-1,-1,-1
NC_010602,-1,1,1,1,-1,-1,-1,-1
NC_010617,-1,1,-1,-1,-1,-1,-1,-1
NC_010622,-1,-1,1,-1,-1,-1,-1,-1
NC_010628,1,1,1,1,-1,1,-1,-1
NC_010634,1,-1,1,-1,-1,-1,-1,-1
NC_010677,-1,-1,1,-1,-1,-1,-1,-1
NC_010681,1,1,1,1,-1,-1,-1,-1
NC_010682,-1,1,1,1,-1,1,-1,-1
NC_010688,-1,-1,1,-1,-1,-1,-1,-1
NC_010694,-1,-1,1,-1,-1,1,-1,-1
NC_010725,1,1,1,1,-1,1,-1,-1
NC_010730,1,-1,-1,1,-1,-1,-1,-1
NC_010794,-1,1,1,1,1,-1,-1,-1
NC_010814,-1,1,-1,1,1,-1,-1,1
NC_010842,-1,1,1,1,-1,-1,-1,-1
NC_010943,1,1,1,1,-1,-1,-1,-1
NC_010994,-1,-1,1,-1,-1,1,-1,-1
NC_010995,-1,-1,1,-1,-1,1,-1,-1
NC_011004,1,1,1,1,1,-1,-1,-1
NC_011071,1,1,1,1,-1,-1,-1,-1
NC_011080,-1,1,1,1,-1,-1,-1,-1
NC_011083,-1,-1,1,-1,-1,-1,-1,-1
NC_011094,1,-1,1,-1,-1,-1,-1,-1
NC_011145,1,1,1,1,-1,-1,-1,-1
NC_011146,-1,1,-1,1,-1,-1,-1,-1
NC_011149,-1,-1,1,1,-1,-1,-1,-1
NC_011205,-1,-1,1,-1,-1,-1,-1,-1
NC_011365,1,-1,1,-1,-1,-1,-1,-1
NC_011369,-1,-1,1,-1,-1,1,-1,-1
NC_011658,1,1,1,1,-1,-1,-1,-1
NC_011660,1,-1,1,1,-1,-1,-1,-1
NC_011662,-1,1,1,-1,-1,1,-1,-1
NC_011666,1,1,1,1,-1,-1,-1,-1
NC_011725,1,1,1,1,-1,-1,-1,-1
NC_011726,1,1,1,1,-1,-1,-1,-1
NC_011729,1,1,-1,1,-1,-1,-1,-1
NC_011757,1,1,1,1,-1,-1,-1,-1
NC_011761,1,-1,-1,1,-1,-1,-1,-1
NC_011769,-1,-1,-1,-1,-1,-1,-1,-1
NC_011770,1,-1,1,-1,-1,-1,-1,-1
NC_011772,1,1,1,1,-1,-1,-1,-1
NC_011773,1,1,1,1,-1,-1,-1,-1
NC_011830,-1,1,-1,1,1,1,-1,1
NC_011837,-1,1,-1,1,-1,-1,-1,-1
NC_011852,-1,-1,1,-1,-1,-1,-1,-1
NC_011884,1,1,1,1,-1,-1,-1,-1
NC_011886,1,-1,-1,1,-1,-1,-1,-1
NC_011891,1,1,1,1,-1,-1,-1,-1
NC_011894,1,-1,1,-1,-1,-1,-1,-1
NC_011898,-1,1,-1,1,-1,-1,-1,-1
NC_011963,-1,1,-1,-1,-1,-1,-1,-1
NC_011969,1,1,1,1,-1,-1,-1,-1
NC_011979,-1,1,-1,-1,-1,-1,-1,-1
NC_011985,1,1,1,-1,-1,-1,-1,-1
NC_011989,1,1,1,-1,-1,1,-1,-1
NC_011992,1,1,1,-1,-1,1,-1,-1
NC_012004,-1,-1,1,-1,-1,-1,-1,-1
NC_012039,-1,-1,-1,-1,-1,-1,-1,-1
NC_012207,1,1,-1,-1,-1,-1,-1,-1
NC_012214,-1,-1,1,-1,-1,-1,-1,-1
NC_012438,1,-1,-1,1,-1,-1,-1,-1
NC_012472,1,1,1,1,-1,-1,-1,-1
NC_012483,1,1,-1,1,-1,-1,-1,-1
NC_012488,1,-1,1,1,-1,-1,-1,-1
NC_012489,-1,1,1,-1,1,-1,-1,-1
NC_012491,1,1,1,1,-1,-1,-1,-1
NC_012522,1,1,1,1,-1,1,-1,-1
NC_012526,1,-1,-1,-1,-1,-1,-1,-1
NC_012560,-1,1,1,1,-1,-1,-1,-1
NC_012563,1,1,-1,1,-1,-1,-1,-1
NC_012658,1,-1,-1,1,-1,-1,-1,-1
NC_012659,1,1,1,1,-1,-1,-1,-1
NC_012660,1,-1,1,-1,-1,1,-1,-1
NC_012669,-1,-1,-1,1,-1,-1,-1,-1
NC_012673,1,-1,1,-1,-1,-1,-1,-1
NC_012724,1,-1,1,-1,-1,-1,-1,-1
NC_012731,1,-1,1,-1,-1,-1,-1,-1
NC_012778,-1,-1,-1,1,-1,-1,-1,-1
NC_012791,-1,1,1,-1,-1,-1,-1,-1
NC_012796,1,1,-1,1,1,-1,-1,-1
NC_012803,-1,1,-1,1,-1,-1,-1,-1
NC_012850,-1,-1,1,1,-1,1,-1,-1
NC_012856,-1,1,1,1,-1,1,-1,-1
NC_012881,-1,1,-1,1,1,-1,-1,-1
NC_012917,-1,-1,1,-1,-1,1,-1,-1
NC_012918,-1,1,-1,1,-1,-1,-1,-1
NC_012947,1,-1,1,-1,-1,-1,-1,1
NC_012967,1,-1,1,-1,-1,-1,-1,1
NC_012971,1,-1,1,-1,-1,-1,-1,1
NC_012988,1,1,1,1,-1,1,-1,-1
NC_013016,-1,-1,1,-1,-1,-1,-1,-1
NC_013061,-1,1,1,1,-1,-1,-1,-1
NC_013062,-1,1,1,-1,-1,-1,-1,-1
NC_013119,-1,-1,1,-1,-1,-1,-1,-1
NC_013131,1,-1,1,1,-1,1,-1,-1
NC_013132,-1,1,-1,1,1,1,-1,-1
NC_013159,-1,-1,1,-1,-1,-1,-1,-1
NC_013161,1,1,1,1,-1,-1,-1,-1
NC_013173,-1,1,-1,1,-1,-1,-1,-1
NC_013194,-1,1,1,-1,-1,-1,-1,-1
NC_013209,-1,-1,1,-1,-1,-1,-1,-1
NC_013355,-1,-1,-1,-1,-1,-1,-1,-1
NC_013421,-1,-1,1,-1,-1,1,-1,-1
NC_013446,1,-1,1,1,-1,-1,-1,-1
NC_013510,1,-1,1,-1,-1,-1,-1,-1
NC_013512,1,-1,1,1,-1,-1,-1,-1
NC_013525,1,-1,-1,1,-1,-1,-1,-1
NC_013530,-1,-1,-1,-1,1,-1,-1,-1
NC_013552,1,1,-1,1,1,-1,-1,-1
NC_013592,1,-1,1,-1,-1,-1,-1,-1
NC_013595,1,1,1,1,-1,-1,-1,-1
NC_013722,1,-1,1,-1,-1,-1,-1,-1
NC_013729,1,-1,-1,1,-1,-1,-1,-1
NC_013766,1,-1,1,1,-1,-1,-1,-1
NC_013768,1,-1,1,1,-1,-1,-1,-1
NC_013791,1,1,1,1,-1,1,-1,-1
NC_013850,1,-1,1,-1,-1,-1,-1,-1
NC_013854,-1,1,1,1,-1,-1,-1,-1
NC_013861,-1,-1,1,-1,-1,-1,-1,-1
NC_013890,1,1,-1,1,1,-1,-1,-1
NC_013891,1,-1,1,1,-1,-1,-1,-1
NC_013892,-1,-1,1,-1,-1,-1,-1,-1
NC_013921,-1,-1,-1,1,-1,-1,-1,-1
NC_013929,1,-1,1,1,-1,1,-1,-1
NC_013941,1,-1,1,-1,-1,-1,-1,-1
NC_013943,-1,1,-1,1,-1,-1,-1,1
NC_013947,1,1,1,1,1,-1,-1,-1
NC_013961,-1,-1,1,-1,-1,-1,-1,-1
NC_013971,-1,-1,1,-1,-1,-1,-1,-1
NC_014006,-1,1,1,-1,-1,-1,-1,-1
NC_014019,1,-1,1,1,-1,1,-1,-1
NC_014034,-1,-1,-1,-1,-1,-1,-1,-1
NC_014100,-1,1,1,1,-1,1,-1,-1
NC_014103,1,-1,1,1,-1,1,-1,-1
NC_014117,1,1,1,1,-1,1,-1,-1
NC_014125,-1,-1,1,-1,-1,-1,-1,-1
NC_014145,1,-1,1,1,-1,1,-1,-1
NC_014151,-1,1,-1,1,1,-1,-1,-1
NC_014153,1,-1,1,1,-1,1,-1,-1
NC_014158,1,1,1,1,-1,-1,-1,-1
NC_014166,1,-1,1,1,-1,-1,-1,-1
NC_014171,1,1,1,1,-1,-1,-1,-1
NC_014210,-1,1,-1,1,-1,-1,-1,-1
NC_014215,-1,-1,-1,1,-1,-1,-1,-1
NC_014217,-1,1,-1,1,-1,1,-1,-1
NC_014228,-1,-1,1,-1,-1,-1,-1,-1
NC_014259,-1,1,1,-1,-1,1,-1,-1
NC_014307,-1,-1,1,-1,-1,-1,-1,-1
NC_014311,-1,-1,1,-1,-1,-1,-1,-1
NC_014313,-1,1,1,1,-1,1,-1,-1
NC_014314,-1,1,-1,1,1,-1,-1,-1
NC_014319,-1,-1,1,1,-1,-1,-1,-1
NC_014328,-1,1,-1,-1,-1,-1,-1,-1
NC_014330,-1,1,-1,-1,-1,-1,-1,-1
NC_014364,-1,-1,-1,1,-1,-1,-1,-1
NC_014365,-1,1,-1,1,-1,-1,-1,-1
NC_014393,-1,1,-1,1,-1,-1,-1,-1
NC_014394,-1,1,-1,-1,-1,-1,-1,-1
NC_014479,1,-1,1,1,-1,-1,-1,-1
NC_014483,1,-1,1,1,-1,-1,-1,-1
NC_014500,-1,-1,1,-1,-1,-1,-1,-1
NC_014501,1,1,-1,1,-1,-1,-1,-1
NC_014532,1,-1,1,1,-1,1,-1,-1
NC_014538,-1,-1,-1,1,-1,-1,-1,-1
NC_014551,1,-1,1,-1,-1,-1,-1,-1
NC_014614,1,1,-1,1,-1,-1,-1,-1
NC_014618,1,-1,1,-1,-1,-1,-1,-1
NC_014622,1,-1,1,-1,-1,-1,-1,-1
NC_014623,1,-1,1,-1,-1,-1,-1,-1
NC_014625,-1,-1,-1,-1,-1,-1,-1,-1
NC_014632,1,1,-1,-1,-1,-1,-1,-1
NC_014639,1,-1,1,1,-1,-1,-1,-1
NC_014640,1,1,1,1,-1,1,-1,-1
NC_014654,-1,-1,-1,1,1,-1,-1,-1
NC_014655,-1,1,1,-1,-1,-1,-1,-1
NC_014659,1,1,1,1,-1,-1,-1,-1
NC_014666,-1,-1,-1,1,-1,-1,-1,-1
NC_014722,-1,-1,1,-1,-1,-1,-1,-1
NC_014733,-1,1,1,1,-1,1,-1,-1
NC_014734,-1,1,1,1,-1,-1,-1,-1
NC_014815,1,1,-1,1,-1,-1,-1,-1
NC_014816,-1,-1,1,-1,-1,-1,-1,-1
NC_014829,1,1,1,1,-1,-1,-1,-1
NC_014831,-1,-1,-1,1,-1,-1,-1,-1
NC_014833,-1,-1,1,-1,-1,-1,-1,-1
NC_014834,1,1,1,1,1,-1,-1,-1
NC_014844,-1,1,-1,1,-1,-1,-1,-1
NC_014910,-1,-1,1,-1,-1,-1,-1,-1
NC_014924,-1,1,1,-1,-1,-1,-1,-1
NC_014958,1,-1,-1,1,-1,-1,-1,-1
NC_014963,1,1,-1,1,-1,-1,-1,-1
NC_014972,-1,1,-1,1,1,-1,-1,-1
NC_014973,-1,1,-1,1,-1,-1,-1,-1
NC_014976,1,1,1,1,-1,-1,-1,-1
NC_015061,-1,-1,1,-1,-1,1,-1,-1
NC_015136,1,1,1,1,-1,1,-1,-1
NC_015145,-1,-1,-1,1,1,-1,-1,-1
NC_015161,-1,-1,-1,-1,-1,-1,-1,-1
NC_015167,-1,1,1,-1,-1,-1,-1,-1
NC_015177,-1,1,1,1,-1,-1,-1,-1
NC_015222,1,-1,1,1,-1,-1,-1,-1
NC_015312,-1,1,1,1,-1,1,-1,-1
NC_015379,1,-1,1,1,-1,-1,-1,-1
NC_015381,1,1,1,-1,-1,-1,-1,-1
NC_015425,1,-1,-1,-1,-1,-1,-1,-1
NC_015433,-1,-1,1,-1,-1,-1,-1,-1
NC_015460,-1,-1,1,-1,-1,-1,-1,-1
NC_015520,1,-1,-1,1,-1,-1,-1,-1
NC_015563,1,-1,1,1,-1,1,-1,-1
NC_015565,1,1,-1,-1,1,-1,-1,-1
NC_015567,1,-1,1,-1,-1,1,-1,-1
NC_015573,1,1,-1,1,-1,-1,-1,-1
NC_015577,-1,-1,-1,-1,-1,-1,-1,-1
NC_015578,1,1,-1,-1,-1,-1,-1,-1
NC_015580,1,-1,1,1,-1,-1,-1,-1
NC_015589,1,1,-1,1,-1,-1,-1,-1
NC_015590,-1,-1,1,-1,-1,-1,-1,-1
NC_015593,-1,-1,1,-1,-1,-1,-1,-1
NC_015601,-1,-1,1,-1,-1,-1,-1,-1
NC_015634,-1,1,1,1,-1,-1,-1,-1
NC_015635,1,1,-1,1,1,-1,-1,-1
NC_015656,1,-1,-1,1,-1,-1,-1,-1
NC_015675,1,-1,1,-1,-1,-1,-1,-1
NC_015677,-1,-1,1,-1,-1,-1,-1,-1
NC_015683,-1,-1,1,-1,-1,-1,-1,-1
NC_015684,-1,1,1,1,-1,-1,-1,-1
NC_015687,-1,-1,-1,-1,-1,-1,-1,-1
NC_015690,1,-1,1,1,-1,1,-1,-1
NC_015696,-1,1,1,1,-1,-1,-1,-1
NC_015707,1,-1,-1,1,-1,-1,-1,-1
NC_015717,-1,1,1,1,-1,-1,-1,-1
NC_015726,1,1,1,1,-1,-1,-1,-1
NC_015733,1,1,1,1,-1,-1,-1,-1
NC_015734,-1,-1,1,-1,-1,-1,-1,-1
NC_015758,1,1,-1,-1,-1,-1,-1,-1
NC_015846,-1,-1,1,-1,-1,-1,-1,-1
NC_015856,-1,1,1,1,-1,1,-1,-1
NC_015857,-1,-1,1,-1,-1,-1,-1,-1
NC_015859,-1,1,-1,-1,-1,1,-1,-1
NC_015942,1,-1,1,1,-1,1,-1,-1
NC_015947,1,1,1,1,-1,-1,-1,-1
NC_015953,1,1,1,-1,1,-1,-1,-1
NC_015957,1,1,1,1,-1,-1,-1,-1
NC_015976,-1,1,1,-1,-1,-1,-1,-1
NC_016001,-1,1,1,-1,-1,-1,-1,-1
NC_016002,-1,-1,1,1,-1,-1,-1,-1
NC_016023,-1,1,1,1,-1,-1,-1,-1
NC_016024,-1,1,-1,1,-1,-1,-1,-1
NC_016026,1,1,1,1,-1,-1,-1,-1
NC_016047,1,-1,1,1,-1,1,-1,-1
NC_016109,1,1,1,1,-1,-1,-1,-1
NC_016111,1,1,1,1,-1,-1,-1,-1
NC_016114,1,1,1,1,-1,1,-1,-1
NC_016147,1,1,1,1,-1,-1,-1,-1
NC_016148,1,1,-1,1,-1,-1,-1,-1
NC_016510,-1,-1,1,-1,-1,-1,-1,-1
NC_016514,1,-1,1,-1,-1,-1,-1,-1
NC_016582,1,-1,1,1,-1,1,-1,-1
NC_016584,1,1,-1,1,-1,-1,-1,-1
NC_016589,-1,1,1,1,-1,1,-1,-1
NC_016604,1,1,1,1,-1,-1,-1,-1
NC_016609,-1,-1,-1,-1,1,-1,-1,-1
NC_016612,-1,-1,1,-1,-1,-1,-1,-1
NC_016616,-1,1,1,1,-1,-1,-1,-1
NC_016617,-1,-1,1,-1,-1,-1,-1,-1
NC_016620,-1,1,1,1,-1,-1,-1,-1
NC_016622,-1,-1,1,-1,-1,-1,-1,-1
NC_016627,-1,1,-1,1,-1,-1,-1,-1
NC_016629,-1,1,-1,1,1,-1,-1,-1
NC_016631,1,1,-1,1,-1,-1,-1,-1
NC_016641,1,-1,1,1,-1,-1,-1,-1
NC_016771,1,1,1,1,-1,-1,-1,-1
NC_016779,1,1,1,1,-1,-1,-1,-1
NC_016784,1,-1,1,-1,-1,-1,-1,-1
NC_016790,-1,-1,1,-1,-1,-1,-1,-1
NC_016800,-1,1,1,1,-1,-1,-1,-1
NC_016801,-1,-1,1,-1,-1,-1,-1,-1
NC_016811,-1,-1,1,-1,-1,-1,-1,-1
NC_016812,-1,-1,1,-1,-1,-1,-1,-1
NC_016816,1,-1,1,-1,-1,-1,-1,-1
NC_016826,-1,-1,1,-1,-1,-1,-1,-1
NC_016830,1,-1,1,-1,-1,-1,-1,-1
NC_016831,-1,-1,1,-1,-1,-1,-1,-1
NC_016832,-1,-1,1,-1,-1,-1,-1,-1
NC_016854,-1,-1,1,-1,-1,-1,-1,-1
NC_016856,-1,-1,1,-1,-1,-1,-1,-1
NC_016857,-1,-1,1,-1,-1,-1,-1,-1
NC_016860,-1,-1,1,-1,-1,-1,-1,-1
NC_016863,-1,-1,1,-1,-1,-1,-1,-1
NC_016887,1,1,1,-1,-1,1,-1,-1
NC_016894,-1,-1,-1,1,-1,-1,-1,-1
NC_016906,1,-1,1,-1,-1,-1,-1,-1
NC_016935,1,-1,1,1,-1,1,-1,-1
NC_016943,-1,1,-1,1,1,-1,-1,-1
NC_016946,1,1,1,-1,-1,1,-1,-1
NC_016947,1,1,1,-1,-1,1,-1,-1
NC_016948,1,1,1,-1,-1,1,-1,-1
NC_017030,1,-1,1,1,-1,-1,-1,-1
NC_017031,-1,-1,1,-1,-1,-1,-1,-1
NC_017046,-1,-1,1,-1,-1,-1,-1,-1
NC_017047,-1,-1,1,-1,-1,1,-1,-1
NC_017059,-1,-1,-1,-1,-1,-1,-1,-1
NC_017061,1,-1,1,-1,-1,-1,-1,-1
NC_017082,1,1,1,1,-1,1,-1,-1
NC_017093,1,-1,-1,1,-1,-1,-1,-1
NC_017094,1,-1,-1,1,1,-1,-1,-1
NC_017095,1,-1,-1,-1,-1,-1,-1,-1
NC_017100,-1,-1,1,-1,-1,-1,-1,-1
NC_017108,-1,-1,1,-1,-1,-1,-1,-1
NC_017111,-1,-1,1,-1,-1,-1,-1,-1
NC_017121,-1,-1,1,-1,-1,-1,-1,-1
NC_017125,-1,-1,1,-1,-1,-1,-1,-1
NC_017146,-1,-1,1,-1,-1,-1,-1,-1
NC_017150,-1,-1,1,-1,-1,-1,-1,-1
NC_017161,1,-1,-1,1,-1,-1,-1,-1
NC_017168,1,-1,1,-1,-1,-1,-1,-1
NC_017188,1,-1,1,-1,-1,-1,-1,-1
NC_017190,1,-1,1,-1,-1,-1,-1,-1
NC_017191,1,-1,1,-1,-1,-1,-1,-1
NC_017195,1,-1,1,1,-1,-1,-1,-1
NC_017196,1,-1,1,1,-1,-1,-1,-1
NC_017200,1,1,1,1,-1,-1,-1,-1
NC_017208,1,1,1,1,-1,-1,-1,-1
NC_017246,-1,-1,1,-1,-1,-1,-1,-1
NC_017249,1,-1,1,-1,-1,1,-1,-1
NC_017295,-1,-1,-1,-1,-1,-1,-1,-1
NC_017299,1,1,-1,1,-1,-1,-1,-1
NC_017300,-1,-1,1,-1,-1,-1,-1,-1
NC_017310,-1,-1,-1,1,-1,-1,-1,-1
NC_017317,-1,-1,1,-1,-1,-1,-1,-1
NC_017322,-1,-1,1,-1,-1,-1,-1,-1
NC_017325,-1,-1,1,-1,-1,-1,-1,-1
NC_017384,-1,-1,-1,-1,-1,-1,-1,-1
NC_017390,-1,-1,1,-1,-1,-1,-1,-1
NC_017445,-1,-1,1,-1,-1,-1,-1,-1
NC_017449,-1,-1,1,-1,-1,-1,-1,-1
NC_017450,-1,-1,1,-1,-1,-1,-1,-1
NC_017454,-1,1,-1,1,-1,-1,-1,-1
NC_017529,1,-1,1,1,-1,-1,-1,-1
NC_017530,1,-1,1,1,-1,-1,-1,-1
NC_017531,1,-1,1,-1,-1,-1,-1,-1
NC_017532,-1,1,1,-1,-1,-1,-1,-1
NC_017537,1,-1,1,1,-1,-1,-1,-1
NC_017542,1,-1,1,1,1,-1,-1,-1
NC_017544,1,-1,1,1,-1,-1,-1,-1
NC_017545,1,-1,1,1,-1,-1,-1,-1
NC_017546,1,1,1,1,-1,-1,-1,-1
NC_017547,1,-1,1,1,-1,-1,-1,-1
NC_017548,1,-1,1,-1,-1,-1,-1,-1
NC_017549,1,-1,1,-1,-1,-1,-1,-1
NC_017551,-1,-1,1,-1,-1,-1,-1,-1
NC_017559,-1,-1,1,-1,-1,-1,-1,-1
NC_017574,-1,-1,1,-1,-1,-1,-1,-1
NC_017644,-1,-1,1,-1,-1,-1,-1,-1
NC_017651,-1,-1,1,-1,-1,-1,-1,-1
NC_017664,1,-1,1,-1,-1,-1,-1,-1
NC_017668,1,-1,1,1,-1,-1,-1,-1
NC_017671,1,1,1,1,-1,-1,-1,-1
NC_017672,1,-1,1,1,-1,1,-1,-1
NC_017729,1,1,1,1,-1,-1,-1,-1
NC_017743,1,-1,1,-1,-1,1,-1,-1
NC_017765,1,-1,1,1,-1,-1,-1,-1
NC_017770,-1,1,1,1,1,-1,-1,-1
NC_017790,1,-1,-1,-1,-1,-1,-1,-1
NC_017803,1,-1,-1,1,-1,-1,-1,-1
NC_017845,1,-1,1,1,-1,1,-1,-1
NC_017911,1,-1,1,1,-1,-1,-1,-1
NC_017912,1,-1,1,-1,-1,-1,-1,-1
NC_017920,1,1,1,1,-1,-1,-1,-1
NC_017955,1,1,-1,1,-1,-1,-1,-1
NC_017964,-1,1,1,1,-1,-1,-1,-1
NC_017986,1,1,1,1,-1,1,-1,-1
NC_018000,-1,-1,1,1,-1,1,-1,-1
NC_018002,1,-1,1,1,-1,1,-1,1
NC_018014,1,1,-1,1,1,-1,-1,-1
NC_018017,-1,-1,-1,1,-1,1,-1,-1
NC_018027,1,1,1,1,-1,1,-1,-1
NC_018028,-1,1,1,1,-1,-1,-1,-1
NC_018065,1,-1,1,1,-1,-1,-1,-1
NC_018068,1,1,-1,1,-1,-1,-1,-1
NC_018079,1,-1,1,-1,-1,-1,-1,-1
NC_018080,1,1,1,1,-1,-1,-1,-1
NC_018139,-1,-1,1,-1,-1,-1,-1,-1
NC_018140,-1,-1,1,-1,-1,-1,-1,-1
NC_018143,1,1,-1,-1,-1,-1,-1,-1
NC_018150,-1,1,1,1,-1,-1,-1,-1
NC_018177,1,-1,1,1,-1,-1,-1,-1
NC_018266,1,1,1,1,1,-1,-1,-1
NC_018289,1,1,1,1,-1,1,-1,-1
NC_018485,1,1,1,1,-1,1,-1,-1
NC_018491,1,1,1,-1,-1,-1,-1,-1
NC_018500,1,1,1,1,-1,-1,-1,-1
NC_018508,1,1,1,1,-1,-1,-1,-1
NC_018513,-1,-1,1,-1,-1,1,-1,-1
NC_018515,1,1,-1,-1,1,-1,-1,-1
NC_018525,-1,-1,1,-1,-1,1,-1,-1
NC_018527,-1,1,1,1,-1,-1,-1,-1
NC_018581,1,1,1,1,-1,-1,-1,-1
NC_018584,1,1,1,1,-1,-1,-1,-1
NC_018585,1,1,1,1,-1,-1,-1,-1
NC_018586,1,-1,1,1,-1,-1,-1,-1
NC_018587,1,-1,1,1,-1,-1,-1,-1
NC_018588,1,1,1,1,-1,-1,-1,-1
NC_018589,1,1,1,1,-1,-1,-1,-1
NC_018591,1,-1,1,1,-1,-1,-1,-1
NC_018593,1,-1,1,1,-1,-1,-1,-1
NC_018609,-1,-1,1,-1,-1,-1,-1,-1
NC_018624,-1,-1,-1,-1,-1,-1,-1,-1
NC_018642,1,-1,1,1,-1,-1,-1,-1
NC_018649,1,-1,-1,1,-1,-1,-1,-1
NC_018664,-1,-1,1,-1,-1,-1,-1,-1
NC_018681,1,1,1,1,1,-1,-1,-1
NC_018693,1,1,1,1,-1,-1,-1,-1
NC_018695,1,1,1,1,-1,1,-1,-1
NC_018700,-1,-1,1,-1,-1,-1,-1,-1
NC_018704,-1,1,1,1,-1,-1,-1,-1
NC_018708,-1,1,1,1,-1,1,-1,-1
NC_018709,1,1,-1,1,-1,-1,-1,-1
NC_018750,1,-1,1,1,-1,-1,-1,-1
NC_018866,1,1,-1,1,-1,-1,-1,-1
NC_018867,1,1,-1,1,-1,-1,-1,-1
NC_018877,1,1,1,1,-1,-1,-1,-1
NC_019382,1,-1,1,-1,-1,-1,-1,-1
NC_019567,-1,-1,1,-1,-1,-1,-1,-1
NC_019670,1,-1,1,1,-1,-1,-1,-1
NC_019673,1,-1,-1,-1,-1,-1,-1,-1
NC_019676,1,1,1,1,-1,-1,-1,-1
NC_019678,-1,1,1,1,-1,1,-1,-1
NC_019680,1,-1,-1,-1,-1,-1,-1,-1
NC_019683,-1,-1,1,1,-1,-1,-1,-1
NC_019689,1,1,-1,1,-1,-1,-1,-1
NC_019693,-1,1,-1,1,-1,-1,-1,-1
NC_019695,1,1,-1,1,1,-1,-1,-1
NC_019701,-1,-1,1,-1,-1,-1,-1,-1
NC_019702,1,-1,-1,-1,-1,-1,-1,-1
NC_019703,-1,1,1,1,-1,-1,-1,-1
NC_019729,1,1,1,1,-1,-1,-1,-1
NC_019738,1,1,1,1,-1,-1,-1,-1
NC_019745,1,1,-1,1,-1,-1,-1,-1
NC_019748,1,1,-1,1,-1,1,-1,-1
NC_019757,-1,-1,-1,1,-1,1,-1,-1
NC_019776,1,1,1,-1,-1,-1,-1,-1
NC_019780,-1,1,-1,1,1,-1,-1,-1
NC_019793,1,-1,-1,1,-1,-1,-1,-1
NC_019842,1,-1,1,-1,-1,-1,-1,-1
NC_019845,-1,-1,1,-1,-1,-1,-1,-1
NC_019892,-1,1,-1,-1,1,-1,-1,-1
NC_019897,1,1,1,1,-1,-1,-1,-1
NC_019903,-1,1,1,1,-1,-1,-1,1
NC_019936,-1,1,1,1,-1,-1,-1,-1
NC_019973,1,-1,1,-1,-1,-1,-1,-1
NC_020059,-1,-1,1,-1,-1,-1,-1,-1
NC_020089,1,1,-1,-1,-1,-1,-1,-1
NC_020126,1,-1,1,1,-1,-1,-1,-1
NC_020164,1,-1,1,1,-1,-1,-1,-1
NC_020207,-1,-1,1,1,-1,-1,-1,-1
NC_020209,1,-1,1,-1,-1,-1,-1,-1
NC_020210,1,-1,1,1,-1,-1,-1,-1
NC_020211,1,-1,1,-1,-1,-1,-1,-1
NC_020238,1,1,1,1,-1,-1,-1,-1
NC_020244,1,1,1,1,-1,-1,-1,-1
NC_020272,1,-1,1,-1,-1,-1,-1,-1
NC_020291,-1,1,-1,1,-1,1,-1,-1
NC_020302,-1,1,1,1,-1,-1,-1,-1
NC_020376,1,1,1,1,-1,-1,-1,-1
NC_020386,1,1,-1,1,1,-1,-1,-1
NC_020387,1,1,-1,1,1,-1,-1,-1
NC_020417,-1,1,-1,1,-1,-1,-1,-1
NC_020418,1,-1,1,-1,-1,-1,-1,-1
NC_020453,1,1,1,1,-1,-1,-1,-1
NC_020504,1,-1,1,1,1,1,-1,-1
NC_020506,-1,1,1,1,-1,-1,-1,-1
NC_020507,1,1,1,1,-1,-1,-1,-1
NC_020516,-1,-1,1,-1,-1,-1,-1,-1
NC_020519,-1,1,1,1,-1,-1,-1,-1
NC_020520,-1,1,1,1,-1,-1,-1,-1
NC_020528,-1,-1,1,-1,-1,-1,-1,-1
NC_020541,-1,1,1,1,-1,-1,-1,-1
NC_020561,-1,1,1,-1,-1,-1,-1,-1
NC_020799,-1,-1,1,-1,-1,-1,-1,-1
NC_020812,1,-1,1,-1,-1,-1,-1,-1
NC_020813,-1,-1,1,-1,-1,-1,-1,-1
NC_020829,1,-1,1,1,-1,-1,-1,-1
NC_020832,1,1,1,1,-1,-1,-1,-1
NC_020887,-1,-1,1,1,-1,-1,-1,-1
NC_020895,1,-1,1,1,-1,-1,-1,-1
NC_020912,1,-1,1,-1,-1,-1,-1,-1
NC_020990,1,1,1,1,-1,-1,-1,-1
NC_021055,1,1,1,1,-1,1,-1,-1
NC_021066,1,-1,1,-1,-1,-1,-1,-1
NC_021149,-1,1,1,1,-1,-1,-1,-1
NC_021150,-1,1,1,1,-1,-1,-1,-1
NC_021171,1,1,1,1,1,-1,-1,-1
NC_021172,-1,-1,1,1,1,1,-1,-1
NC_021173,-1,1,1,1,-1,-1,-1,-1
NC_021176,-1,-1,1,-1,-1,-1,-1,-1
NC_021177,1,1,1,1,-1,1,-1,-1
NC_021182,-1,1,-1,-1,1,-1,-1,-1
NC_021184,1,1,-1,1,1,-1,-1,-1
NC_021191,1,1,-1,1,-1,-1,-1,-1
NC_021200,1,-1,1,-1,-1,1,-1,-1
NC_021237,1,-1,1,1,-1,-1,-1,-1
NC_021362,1,-1,1,1,-1,1,-1,-1
NC_021487,-1,1,-1,1,1,-1,-1,-1
NC_021491,1,1,1,1,-1,-1,-1,-1
NC_021500,1,-1,1,-1,-1,-1,-1,-1
NC_021577,1,-1,1,-1,-1,-1,-1,-1
NC_021591,1,-1,1,-1,-1,-1,-1,-1
NC_021658,-1,-1,1,1,1,-1,-1,-1
NC_021659,1,-1,1,-1,-1,-1,-1,-1
NC_021663,-1,1,-1,-1,-1,-1,-1,-1
NC_021726,-1,1,1,-1,-1,1,-1,-1
NC_021729,-1,1,1,-1,-1,1,-1,-1
NC_021733,-1,1,1,-1,-1,1,-1,-1
NC_021741,1,-1,1,-1,-1,-1,-1,-1
NC_021831,-1,-1,-1,-1,-1,-1,-1,-1
NC_021902,-1,1,1,1,-1,-1,-1,-1
NC_021905,1,-1,1,-1,-1,1,-1,-1
NC_021985,1,-1,1,1,-1,-1,-1,-1
NC_021991,-1,-1,1,-1,-1,-1,-1,-1
NC_022000,1,-1,1,-1,-1,-1,-1,-1
NC_022041,-1,-1,1,-1,-1,-1,-1,-1
NC_022080,1,1,1,1,-1,-1,-1,-1
NC_022081,1,-1,1,-1,-1,-1,-1,-1
NC_022115,1,1,1,1,-1,1,-1,-1
NC_022247,1,1,1,1,1,-1,-1,-1
NC_022443,1,-1,1,1,-1,-1,-1,-1
NC_022513,1,-1,1,-1,-1,-1,-1,-1
NC_022566,1,-1,1,-1,-1,-1,-1,-1
NC_022571,-1,1,1,1,-1,-1,-1,-1
NC_022653,1,-1,1,-1,-1,-1,-1,-1
NC_022657,1,-1,-1,1,-1,-1,-1,-1
NC_022660,1,-1,-1,1,-1,-1,-1,-1
NC_022663,1,1,1,1,-1,1,-1,-1
NC_022738,1,-1,1,-1,-1,1,-1,-1
NC_022781,1,1,1,1,-1,-1,-1,-1
NC_022794,1,-1,1,-1,-1,-1,-1,-1
NC_022795,1,-1,-1,-1,-1,-1,-1,-1
NC_022873,1,1,1,1,-1,-1,-1,-1
NC_022904,-1,1,1,1,-1,-1,-1,-1
NC_022964,1,1,-1,1,1,-1,-1,-1
NC_022997,-1,-1,1,1,-1,-1,-1,-1
NC_023019,1,-1,1,-1,-1,-1,-1,-1
NC_023037,1,-1,1,-1,-1,-1,-1,-1
NC_023064,1,-1,1,1,-1,-1,-1,-1
NC_023073,1,-1,1,-1,-1,-1,-1,-1
NC_023075,1,1,1,-1,-1,-1,-1,-1
NC_023076,1,1,1,-1,-1,-1,-1,-1
NC_023149,1,1,1,1,-1,-1,-1,-1
NZ_CM001165,1,1,-1,1,-1,-1,-1,-1
NZ_CM001763,1,-1,1,-1,-1,-1,-1,-1
NZ_CM002024,-1,1,1,-1,-1,-1,-1,-1
NZ_CM002139,-1,-1,1,-1,-1,-1,-1,-1
NZ_CM002177,1,1,1,1,-1,-1,-1,-1
NZ_CM002330,1,-1,1,1,-1,-1,-1,-1
NZ_CM002395,1,1,1,1,-1,-1,-1,-1
NZ_CM002398,1,1,1,1,-1,-1,-1,-1
NZ_CM002401,1,1,1,1,-1,-1,-1,-1
NZ_CM002755,-1,-1,1,-1,-1,-1,-1,-1
NZ_CM002757,-1,-1,1,-1,-1,-1,-1,-1
NZ_CM002796,1,-1,1,1,-1,-1,-1,-1
NZ_CP001970,1,1,1,1,-1,-1,-1,-1
NZ_CP001974,1,1,1,1,-1,-1,-1,-1
NZ_CP002190,-1,1,1,1,-1,-1,-1,-1
NZ_CP002871,1,1,-1,-1,-1,-1,-1,-1
NZ_CP003181,1,-1,1,-1,-1,-1,-1,-1
NZ_CP003915,1,-1,1,1,-1,-1,-1,-1
NZ_CP003923,1,-1,1,1,-1,-1,-1,-1
NZ_CP003949,1,1,1,1,-1,1,-1,-1
NZ_CP003999,1,-1,1,-1,-1,-1,-1,-1
NZ_CP004078,1,-1,1,1,1,1,-1,-1
NZ_CP004383,-1,1,1,1,-1,-1,-1,-1
NZ_CP004870,1,1,1,1,-1,-1,-1,-1
NZ_CP006581,1,-1,1,-1,-1,1,-1,-1
NZ_CP006587,-1,1,-1,-1,1,-1,-1,-1
NZ_CP006644,1,-1,1,-1,-1,-1,-1,-1
NZ_CP006696,-1,-1,-1,-1,-1,-1,-1,-1
NZ_CP006742,1,1,1,1,-1,-1,-1,-1
NZ_CP006772,-1,1,-1,1,1,-1,-1,-1
NZ_CP006850,1,-1,1,-1,-1,1,-1,-1
NZ_CP006872,1,-1,1,1,-1,-1,-1,-1
NZ_CP006890,1,-1,1,-1,-1,-1,-1,-1
NZ_CP006961,-1,-1,1,-1,-1,-1,-1,-1
NZ_CP006983,1,-1,1,-1,-1,-1,-1,-1
NZ_CP006986,-1,-1,1,1,-1,1,-1,-1
NZ_CP007033,1,1,-1,1,-1,-1,-1,-1
NZ_CP007039,-1,-1,1,-1,-1,-1,-1,-1
NZ_CP007044,1,-1,1,-1,-1,-1,-1,-1
NZ_CP007045,-1,-1,1,1,-1,1,-1,-1
NZ_CP007067,-1,-1,1,1,-1,1,-1,-1
NZ_CP007139,-1,-1,-1,-1,1,-1,-1,-1
NZ_CP007155,1,1,1,1,-1,-1,-1,-1
NZ_CP007172,1,-1,1,1,-1,-1,-1,-1
NZ_CP007201,1,-1,-1,1,1,1,-1,1
NZ_CP007208,1,-1,1,-1,-1,-1,-1,-1
NZ_CP007225,-1,1,1,-1,-1,-1,-1,-1
NZ_CP007230,-1,-1,1,-1,-1,-1,-1,-1
NZ_CP007236,-1,1,1,1,-1,-1,-1,-1
NZ_CP007243,1,-1,-1,1,-1,-1,-1,-1
NZ_CP007409,1,-1,1,-1,-1,-1,-1,-1
NZ_CP007410,1,-1,1,1,-1,-1,-1,-1
NZ_CP007441,-1,1,1,-1,-1,-1,-1,-1
NZ_CP007452,-1,-1,-1,-1,-1,-1,-1,-1
NZ_CP007481,-1,-1,-1,-1,-1,-1,-1,-1
NZ_CP007492,1,-1,1,1,-1,-1,-1,-1
NZ_CP007499,1,-1,1,1,-1,-1,-1,-1
NZ_CP007506,-1,1,1,1,-1,1,-1,-1
NZ_CP007514,1,-1,-1,-1,-1,-1,-1,-1
NZ_CP007546,1,-1,1,-1,-1,-1,-1,-1
NZ_CP007557,1,-1,1,-1,-1,-1,-1,-1
NZ_CP007569,1,-1,1,-1,-1,1,-1,-1
NZ_CP007574,1,1,1,1,-1,-1,-1,-1
NZ_CP007597,1,1,1,-1,-1,-1,-1,-1
NZ_CP007600,1,-1,1,1,-1,-1,-1,-1
NZ_CP007607,1,1,1,1,-1,-1,-1,-1
NZ_CP007618,1,1,1,1,-1,-1,-1,-1
NZ_CP007620,1,1,1,-1,-1,-1,-1,-1
NZ_CP007627,-1,-1,1,1,-1,-1,-1,-1
NZ_CP007638,1,-1,1,1,-1,-1,-1,-1
NZ_CP007656,-1,-1,1,-1,-1,-1,-1,-1
NZ_CP007663,-1,-1,1,-1,-1,-1,-1,-1
NZ_CP007666,1,1,1,1,-1,-1,-1,-1
NZ_CP007681,-1,-1,1,-1,-1,-1,-1,-1
NZ_CP007704,1,1,1,1,-1,-1,-1,-1
NZ_CP007705,-1,-1,1,-1,-1,-1,-1,-1
NZ_CP007739,-1,-1,1,1,-1,-1,-1,-1
NZ_CP007765,-1,-1,1,-1,-1,-1,-1,-1
NZ_CP007783,-1,-1,1,1,-1,-1,-1,-1
NZ_CP007787,-1,1,1,1,-1,1,-1,-1
NZ_CP007789,-1,-1,1,-1,-1,-1,-1,-1
NZ_CP007793,-1,-1,1,-1,-1,-1,-1,-1
NZ_CP007800,1,1,1,1,-1,-1,-1,-1
NZ_CP007803,1,1,-1,-1,-1,-1,-1,-1
NZ_CP008696,1,-1,1,1,-1,-1,-1,-1
NZ_CP008698,1,1,1,1,-1,-1,-1,-1
NZ_CP008730,-1,1,1,1,-1,1,-1,-1
NZ_CP008752,1,1,1,1,-1,-1,-1,-1
NZ_CP008760,1,1,1,-1,-1,-1,-1,-1
NZ_CP008841,1,-1,1,-1,-1,-1,-1,-1
NZ_CP008846,1,1,1,1,-1,-1,-1,-1
NZ_CP008852,1,-1,-1,-1,1,-1,-1,-1
NZ_CP008884,-1,-1,1,1,-1,-1,-1,-1
NZ_CP008896,1,-1,1,1,-1,-1,-1,-1
NZ_CP008920,1,1,1,1,-1,-1,-1,-1
NZ_CP008923,-1,-1,1,-1,-1,-1,-1,-1
NZ_CP008926,-1,-1,1,-1,-1,-1,-1,-1
NZ_CP008943,1,-1,1,-1,-1,-1,-1,-1
NZ_CP008957,1,-1,1,-1,-1,-1,-1,-1
NZ_HF545616,-1,-1,-1,-1,-1,-1,-1,-1
NZ_HG326223,1,-1,1,-1,-1,-1,-1,-1
NZ_HG916852,-1,-1,1,-1,-1,1,-1,-1
NZ_HG938353,-1,-1,1,-1,-1,1,-1,-1
NZ_HG938355,-1,1,1,1,-1,-1,-1,-1
NC_003063,1,1,1,-1,-1,1,-1,-1
NC_006351,-1,1,1,1,-1,-1,-1,-1
NC_006933,-1,-1,1,-1,-1,-1,-1,-1
NC_007435,-1,1,1,1,-1,-1,-1,-1
NC_007494,-1,1,1,-1,-1,-1,-1,-1
NC_007511,-1,1,1,1,-1,1,-1,-1
NC_007624,-1,-1,1,-1,-1,-1,-1,-1
NC_007650,-1,1,1,1,-1,-1,-1,-1
NC_008314,1,1,1,1,-1,-1,-1,-1
NC_008391,-1,1,1,1,-1,-1,-1,-1
NC_008543,1,1,1,1,-1,1,-1,-1
NC_009050,-1,1,1,-1,-1,-1,-1,-1
NC_009075,-1,1,1,1,-1,-1,-1,-1
NC_009078,-1,1,1,1,-1,-1,-1,-1
NC_009255,1,1,1,1,-1,-1,-1,-1
NC_009504,-1,-1,1,-1,-1,-1,-1,-1
NC_009668,-1,1,1,1,-1,-1,-1,-1
NC_010086,-1,1,1,1,-1,1,-1,-1
NC_010104,-1,-1,1,-1,-1,-1,-1,-1
NC_010167,-1,-1,1,-1,-1,-1,-1,-1
NC_010515,1,1,1,1,-1,1,-1,-1
NC_010530,1,1,1,1,-1,-1,-1,-1
NC_010552,-1,1,1,1,-1,-1,-1,-1
NC_010623,-1,-1,1,-1,-1,-1,-1,-1
NC_010676,1,1,1,1,-1,-1,-1,-1
NC_010678,-1,1,1,1,-1,1,-1,-1
NC_011958,-1,1,-1,-1,-1,-1,-1,-1
NC_011988,1,1,1,-1,-1,1,-1,-1
NC_012721,1,-1,1,-1,-1,-1,-1,-1
NC_012857,-1,1,1,1,-1,1,-1,-1
NC_013118,-1,-1,1,-1,-1,-1,-1,-1
NC_014013,-1,1,1,-1,-1,-1,-1,-1
NC_014118,1,1,1,1,-1,1,-1,-1
NC_014211,-1,1,-1,1,-1,-1,-1,-1
NC_014817,-1,-1,1,-1,-1,-1,-1,-1
NC_015137,1,1,1,1,-1,1,-1,-1
NC_015376,1,1,1,-1,-1,-1,-1,-1
NC_015594,-1,-1,1,-1,-1,-1,-1,-1
NC_015723,1,1,1,1,-1,-1,-1,-1
NC_015858,-1,-1,1,-1,-1,-1,-1,-1
NC_016625,-1,1,1,1,-1,1,-1,-1
NC_017247,-1,-1,1,-1,-1,-1,-1,-1
NC_017921,1,1,1,1,-1,-1,-1,-1
NC_018529,-1,1,1,1,-1,-1,-1,-1
NC_018672,1,1,1,1,-1,1,-1,-1
NC_021174,-1,1,1,1,-1,-1,-1,-1
NC_022514,1,-1,1,-1,-1,-1,-1,-1
NZ_CM002025,-1,1,1,-1,-1,-1,-1,-1
NZ_CP004384,-1,1,1,1,-1,-1,-1,-1
NZ_CP006962,-1,-1,1,-1,-1,-1,-1,-1
NZ_CP007226,-1,1,1,-1,-1,-1,-1,-1
NZ_CP007237,-1,1,1,1,-1,-1,-1,-1
NZ_CP007662,-1,-1,1,-1,-1,-1,-1,-1
NZ_CP007680,-1,-1,1,-1,-1,-1,-1,-1
NZ_CP007706,-1,-1,1,-1,-1,-1,-1,-1
NZ_CP007764,-1,-1,1,-1,-1,-1,-1,-1
NZ_CP007784,-1,-1,1,1,-1,-1,-1,-1
NZ_CP007786,-1,1,1,1,-1,1,-1,-1
NZ_CP007788,-1,-1,1,-1,-1,-1,-1,-1
NZ_CP008729,-1,1,1,1,-1,1,-1,-1
NZ_CP008762,1,1,1,-1,-1,-1,-1,-1
NZ_HF545617,-1,-1,-1,-1,-1,-1,-1,-1
NC_007509,-1,1,1,1,-1,1,-1,-1
NC_008392,-1,1,1,1,-1,-1,-1,-1
NC_008544,1,1,1,1,-1,1,-1,-1
NC_009254,1,1,1,1,-1,-1,-1,-1
NC_010087,-1,1,1,1,-1,1,-1,-1
NC_010512,1,1,1,1,-1,1,-1,-1
NC_010557,-1,1,1,1,-1,-1,-1,-1
NC_016590,-1,1,1,1,-1,1,-1,-1
NC_017922,1,1,1,1,-1,-1,-1,-1
NC_022515,1,-1,1,-1,-1,-1,-1,-1
NZ_CP007782,-1,-1,1,1,-1,-1,-1,-1
NZ_CP007785,-1,1,1,1,-1,1,-1,-1
NZ_CP008728,-1,1,1,1,-1,1,-1,-1
